장소명,카테고리,전화번호,주소,거리(m),카카오지도_URL,위도,경도,대표메뉴1,가격1,대표메뉴2,가격2,대표메뉴3,가격3,비고
진국명가,음식점 > 한식 > 국밥,051-512-8880,부산 금정구 금강로 271,145,http://place.map.kakao.com/19089206,35.23228078162886,129.08519742238485,,,,,,,
부산대 우쭈쭈,"음식점 > 한식 > 해물,생선",051-583-5133,부산 금정구 부산대학로49번길 19,296,http://place.map.kakao.com/26562756,35.23039225367108,129.08575642449398,,,,,,,
김해원조뒷고기,"음식점 > 한식 > 육류,고기",051-514-2732,부산 금정구 금강로 239,334,http://place.map.kakao.com/16227013,35.22947833046218,129.08451065783925,,,,,,,
칠성돌곱창,"음식점 > 한식 > 육류,고기 > 곱창,막창",051-515-1061,부산 금정구 부산대학로49번길 49,403,http://place.map.kakao.com/9481072,35.229086733036624,129.0854286648401,,,,,,,
미식가,"음식점 > 한식 > 육류,고기",051-516-9752,부산 금정구 장전로 49,353,http://place.map.kakao.com/929036182,35.2292149925653,129.083632999813,,,,,,,
원조밀면,음식점 > 한식 > 국수,051-582-8254,부산 금정구 부산대학로64번길 112,481,http://place.map.kakao.com/21537796,35.236343560328905,129.0858011911481,,,,,,,
대박횟집,"음식점 > 한식 > 해물,생선 > 회",,부산 금정구 금강로 276-8,206,http://place.map.kakao.com/1814606319,35.2325433505573,129.085857634953,,,,,,,
진주비봉식당,음식점 > 한식 > 국밥,051-518-1146,부산 금정구 부산대학로49번길 13,273,http://place.map.kakao.com/17362580,35.23079836315708,129.08587884759976,,,,,,,
칼맛나는푸짐한횟집 별관,"음식점 > 한식 > 해물,생선 > 회",051-513-9883,부산 금정구 장전온천천로 79,469,http://place.map.kakao.com/1409024307,35.2320790640797,129.08874195508,,,,,,,
황금칼국수,음식점 > 한식 > 국수 > 칼국수,051-515-3005,부산 금정구 부산대학로38번길 35,353,http://place.map.kakao.com/21853935,35.23278890014463,129.08745207482932,,,,,,,
대길고추불고기 2호점,"음식점 > 한식 > 육류,고기 > 불고기,두루치기",051-516-4707,부산 금정구 장전로 47,359,http://place.map.kakao.com/19966829,35.229164448069824,129.08384696569007,,,,,,,
개성상인,"음식점 > 한식 > 육류,고기 > 삼겹살",051-515-5253,부산 금정구 금강로 248-5,275,http://place.map.kakao.com/1870399421,35.2302700230322,129.085162423838,,,,,,,
가야공원돼지국밥 부산대점,음식점 > 한식 > 국밥,051-582-0630,부산 금정구 장전온천천로 87,487,http://place.map.kakao.com/20057605,35.2328292276086,129.088927036419,,,,,,,
고기는모름지기 부산대점,"음식점 > 한식 > 육류,고기",051-518-2885,부산 금정구 금정로91번길 2,287,http://place.map.kakao.com/1744642391,35.2329109574001,129.08669737012,,,,,,,
홍보석 숯불구이,"음식점 > 한식 > 육류,고기 > 삼겹살",051-581-0950,부산 금정구 금강로 256-7,236,http://place.map.kakao.com/9631502,35.23092608430693,129.08547465554284,,,,,,,
부산대밀면,음식점 > 한식 > 국수,051-582-1110,부산 금정구 부산대학로63번길 50,328,http://place.map.kakao.com/19959514,35.22943847902026,129.0837375597378,,,,,,,
자마미등갈비 부산대점,"음식점 > 한식 > 육류,고기 > 갈비",,부산 금정구 부산대학로49번길 22,288,http://place.map.kakao.com/471682773,35.230346383479,129.085542184808,,,,,,,
칼집삼겹 부산대본점,"음식점 > 한식 > 육류,고기 > 삼겹살",051-513-9392,부산 금정구 금정로 59-4,332,http://place.map.kakao.com/16838039,35.230113701993766,129.08597114295517,,,,,,,
육수재,음식점 > 한식 > 국밥,,부산 금정구 금강로 252,253,http://place.map.kakao.com/1916494447,35.2304189714352,129.084990512516,,,,,,,
고래섬 부산대점,"음식점 > 한식 > 해물,생선",051-583-2050,부산 금정구 금강로 260,202,http://place.map.kakao.com/1951728767,35.231127234773716,129.08520193938443,,,,,,,
곁집,음식점 > 한식,,부산 금정구 금강로 254,236,http://place.map.kakao.com/25503033,35.2306427970632,129.085075317543,,,,,,,
시골통돼지볶음 부산대점,"음식점 > 한식 > 찌개,전골",051-515-7747,부산 금정구 부산대학로50번길 37,252,http://place.map.kakao.com/1676352518,35.2329902871812,129.086277651569,,,,,,,
서문국수,음식점 > 한식 > 국수,051-516-6555,부산 금정구 장전로12번길 32-5,562,http://place.map.kakao.com/2079293923,35.229109300905,129.088300086755,,,,,,,
땡삼이닭도리,"음식점 > 한식 > 육류,고기 > 닭요리",051-513-9999,부산 금정구 금정로91번길 16,230,http://place.map.kakao.com/27311741,35.2330417447783,129.086010981857,,,,,,,
명주네보쌈,"음식점 > 한식 > 육류,고기 > 족발,보쌈",051-512-2093,부산 금정구 금정로119번길 16,442,http://place.map.kakao.com/495416542,35.2355368167327,129.086597697906,,,,,,,
크라운닭발 부산대본점,"음식점 > 한식 > 육류,고기 > 닭요리",051-583-6539,부산 금정구 부산대학로38번길 12,353,http://place.map.kakao.com/2144907200,35.2317346913269,129.087392109404,,,,,,,
두부마을,음식점 > 한식 > 두부전문점,,부산 금정구 금강로321번길 70,523,http://place.map.kakao.com/1955379281,35.2370533981717,129.082678047276,,,,,,,
김해뒷고기 고가,"음식점 > 한식 > 육류,고기",051-517-6148,부산 금정구 금강로 276-9,224,http://place.map.kakao.com/1624286193,35.2326987785132,129.086041737363,,,,,,,
유림부대밀면,음식점 > 한식 > 국수,,부산 금정구 부산대학로63번길 21-5,199,http://place.map.kakao.com/15343642,35.23070936363696,129.08434996057264,,,,,,,
내가찜한닭 부산대점,"음식점 > 한식 > 육류,고기 > 닭요리",,부산 금정구 부산대학로 57,173,http://place.map.kakao.com/426614677,35.2312726705518,129.084920107825,,,,,,,
더통큰집 본점,"음식점 > 한식 > 육류,고기 > 갈비",051-512-2331,부산 금정구 금정로60번길 7-3,382,http://place.map.kakao.com/10896181,35.2301236438048,129.086753366473,,,,,,,
효원주가,음식점 > 한식,,부산 금정구 부산대학로50번길 16,244,http://place.map.kakao.com/1304583666,35.2321263547696,129.086262113197,,,,,,,
터줏집돼지국밥,음식점 > 한식 > 국밥,051-581-1578,부산 금정구 부산대학로49번길 13,277,http://place.map.kakao.com/16436346,35.2307440910494,129.085890637217,,,,,,,
부산대퇴근길,"음식점 > 한식 > 육류,고기",051-512-0279,부산 금정구 장전로12번길 65,490,http://place.map.kakao.com/1826955313,35.230654931748056,129.08855167810523,,,,,,,
온결,음식점 > 한식 > 곰탕,,부산 금정구 부산대학로63번길 21,201,http://place.map.kakao.com/1935215013,35.2306342199493,129.084108613108,,,,,,,
바다사랑횟집,"음식점 > 한식 > 해물,생선 > 회",051-512-7944,부산 금정구 장전온천천로 77,465,http://place.map.kakao.com/14494859,35.23185135421467,129.08867351313592,,,,,,,
부대막창,"음식점 > 한식 > 육류,고기 > 곱창,막창",051-583-5578,부산 금정구 부산대학로50번길 11-10,183,http://place.map.kakao.com/20494724,35.23205356998236,129.0855705183836,,,,,,,
조우,음식점 > 한식,0503-7151-7076,부산 금정구 금강로 256-8,243,http://place.map.kakao.com/529579670,35.2307882391027,129.085420605542,,,,,,,
이모식당,음식점 > 한식,051-515-8547,부산 금정구 부산대학로63번길 21-3,193,http://place.map.kakao.com/16606905,35.23074652829769,129.0842850147405,,,,,,,
부산생아구야,"음식점 > 한식 > 해물,생선 > 아구",,부산 금정구 부산대학로64번길 32-7,113,http://place.map.kakao.com/2106906781,35.2327250235689,129.084780455561,,,,,,,
형제닭도리,"음식점 > 한식 > 육류,고기 > 닭요리",051-515-8494,부산 금정구 금정로91번길 13-1,231,http://place.map.kakao.com/1074076257,35.2328385383413,129.086089249025,,,,,,,
전통쑥밀면&족발&국밥,음식점 > 한식 > 국수,051-515-9337,부산 금정구 부산대학로 38,360,http://place.map.kakao.com/16867719,35.23130680595764,129.0873306231935,,,,,,,
장전돼지국밥,음식점 > 한식 > 국밥,051-512-7926,부산 금정구 부산대학로49번길 13,302,http://place.map.kakao.com/927412839,35.2306247069377,129.086124808169,,,,,,,
박가부대 부산대점,"음식점 > 한식 > 찌개,전골 > 박가부대",051-513-6030,부산 금정구 금강로 266,175,http://place.map.kakao.com/26913208,35.2317517351976,129.085358507657,,,,,,,
황소야 부산대점,"음식점 > 한식 > 육류,고기 > 갈비",051-515-2152,부산 금정구 부산대학로49번길 32,320,http://place.map.kakao.com/27559362,35.229916142487,129.085408163712,,,,,,,
부산대잇쇼,음식점 > 술집 > 일본식주점,,부산 금정구 부산대학로50번길 14,242,http://place.map.kakao.com/792261013,35.23201979017921,129.0862231399844,,,,,,,
부산대식당,음식점 > 한식,,부산 금정구 장전로 56,302,http://place.map.kakao.com/1058903115,35.22970392048092,129.08313261542682,,,,,,,
부산대 보울스 포케샐러드,음식점 > 샐러드,051-583-9333,부산 금정구 장전온천천로73번길 23,365,http://place.map.kakao.com/2142194790,35.2316695554943,129.087511252287,,,,,,,
부산대 홋코리,음식점 > 일식,0503-7153-8792,부산 금정구 금정로91번길 8,271,http://place.map.kakao.com/567753175,35.2329648072305,129.086501054018,,,,,,,
부산대 아리랑횟집,"음식점 > 한식 > 해물,생선 > 회",,부산 금정구 부산대학로50번길 15,222,http://place.map.kakao.com/477551212,35.23208013375011,129.08601600900963,,,,,,,
고기당 부산대점,"음식점 > 한식 > 육류,고기 > 삼겹살",051-632-2970,부산 금정구 장전로 33-7,476,http://place.map.kakao.com/260735708,35.22830930112533,129.08520448929755,,,,,,,
톤쇼우 부산대본점,"음식점 > 일식 > 돈까스,우동",010-5685-5482,부산 금정구 금강로 247-10,224,http://place.map.kakao.com/704518356,35.2304475924754,129.084270776214,,,,,,,
카츠안 부산대점,"음식점 > 일식 > 돈까스,우동",051-517-5133,부산 금정구 금정로 59-8,321,http://place.map.kakao.com/775780473,35.230124068519444,129.08578799715528,,,,,,,
애슐리퀸즈 NC부산대점,음식점 > 패밀리레스토랑 > 애슐리,070-4773-6344,부산 금정구 부산대학로63번길 2,49,http://place.map.kakao.com/17902520,35.23203278032357,129.08390057446118,,,,,,,
디델리 부산대점,음식점 > 분식,051-583-1179,부산 금정구 금정로68번길 11,371,http://place.map.kakao.com/8283020,35.2307155308617,129.087128764495,,,,,,,
맥도날드 부산대2점,음식점 > 패스트푸드 > 맥도날드,051-936-8700,부산 금정구 금정로60번길 24,471,http://place.map.kakao.com/21338573,35.22957414776247,129.08747293016128,,,,,,,
스시마이우 부산대점,"음식점 > 일식 > 초밥,롤",051-582-3339,부산 금정구 부산대학로 34,394,http://place.map.kakao.com/1094712482,35.2312785588177,129.087714299554,,,,,,,
그집짬뽕0927 부산대점,음식점 > 중식 > 중국요리,,부산 금정구 부산대학로 53-1,213,http://place.map.kakao.com/1842303438,35.2311245102851,129.085360022641,,,,,,,
테라비 부산대점,음식점 > 양식,070-7774-9589,부산 금정구 장전로20번길 28,482,http://place.map.kakao.com/2025758437,35.22935743531801,129.08739379342902,,,,,,,
마마도마 부산대점,"음식점 > 일식 > 초밥,롤",051-582-9711,부산 금정구 금강로 248-5,276,http://place.map.kakao.com/1476367066,35.2302609587709,129.085165486634,,,,,,,
델라고 부산대점,음식점 > 양식 > 이탈리안,051-515-1504,부산 금정구 금강로 253-1,207,http://place.map.kakao.com/12811824,35.2308028715028,129.084780682672,,,,,,,
써브웨이 부산대점,음식점 > 패스트푸드 > 샌드위치 > 써브웨이,051-513-3331,부산 금정구 부산대학로 48,249,http://place.map.kakao.com/27457265,35.2314186539085,129.086070457708,,,,,,,
이흥용과자점 부산대직영점,"음식점 > 간식 > 제과,베이커리",051-711-4454,부산 금정구 부산대학로63번길 30,236,http://place.map.kakao.com/819373419,35.2302841886753,129.083921737326,,,,,,,
포포포 부산대본점,음식점 > 아시아음식 > 동남아음식 > 베트남음식,051-582-1566,부산 금정구 금강로 264,173,http://place.map.kakao.com/1280247139,35.23164684679713,129.0852745487854,,,,,,,
동대문엽기떡볶이 부산대점,음식점 > 분식 > 떡볶이 > 동대문엽기떡볶이,051-582-8592,부산 금정구 금강로 271-4,149,http://place.map.kakao.com/26274593,35.23248018061678,129.08523547610613,,,,,,,
고래맥주창고 부산대점,"가정,생활 > 식품판매 > 주류판매 > 고래맥주창고",010-3384-2581,부산 금정구 금강로 244,313,http://place.map.kakao.com/93638946,35.2297490616005,129.084802036542,,,,,,,
짚신매운갈비찜 부산대점,"음식점 > 한식 > 육류,고기 > 갈비",051-583-7776,부산 금정구 금강로 250,267,http://place.map.kakao.com/18204137,35.23028524421131,129.0850112517278,,,,,,,
족발신선생 부산대점,"음식점 > 한식 > 육류,고기 > 족발,보쌈 > 족발신선생",051-516-2324,부산 금정구 부산대학로 28,443,http://place.map.kakao.com/303973845,35.2312797438801,129.088272259308,,,,,,,
피나치공 부산대점,음식점 > 양식 > 피자 > 피나치공,051-583-0034,부산 금정구 금강로 292,276,http://place.map.kakao.com/2143536117,35.23396631906147,129.08595887702518,,,,,,,
와플대학 부산대캠퍼스,"음식점 > 간식 > 제과,베이커리 > 와플대학",010-6585-3179,부산 금정구 부산대학로 23,489,http://place.map.kakao.com/1006132018,35.23097705982917,129.0886840432556,,,,,,,
우마이도 부산대점,음식점 > 일식 > 일본식라면,051-514-8785,부산 금정구 금강로 247-5,253,http://place.map.kakao.com/8468319,35.2302176530642,129.084436223382,,,,,,,
칠칠켄터키 부산대본점,음식점 > 치킨,051-518-9777,부산 금정구 금강로 271-8,119,http://place.map.kakao.com/18061613,35.2325815438797,129.084896498385,,,,,,,
짬뽕상회 부산대점,음식점 > 중식 > 중국요리,051-513-3287,부산 금정구 부산대학로38번길 9,332,http://place.map.kakao.com/477019228,35.231711816315105,129.08715099720158,,,,,,,
마린파스타 부산대점,음식점 > 양식 > 이탈리안,051-913-2399,부산 금정구 부산대학로63번길 47,321,http://place.map.kakao.com/157653122,35.2295217991243,129.084027436024,,,,,,,
히어로보드게임카페 부산대점,음식점,,부산 금정구 부산대학로 29,440,http://place.map.kakao.com/1860421394,35.2307911645163,129.08802030893,,,,,,,
배스킨라빈스 부산대학교점,음식점 > 간식 > 아이스크림 > 배스킨라빈스,051-514-3031,부산 금정구 부산대학로 53,206,http://place.map.kakao.com/7887700,35.23126610983045,129.08540538260638,,,,,,,
나오리쇼쿠 부산대점,음식점 > 일식,010-5144-4145,부산 금정구 금강로 271-14,137,http://place.map.kakao.com/1148231287,35.2326505013364,129.085078385542,,,,,,,
마선생얼큰국밥 부산대점,음식점 > 한식 > 국밥 > 마선생얼큰국밥,051-513-0777,부산 금정구 금강로279번길 81-14,394,http://place.map.kakao.com/2081921463,35.2359242516852,129.083097298715,,,,,,,
나베야 부산대점,"음식점 > 일식 > 돈까스,우동",051-997-5430,부산 금정구 금강로 247-12,224,http://place.map.kakao.com/25654603,35.2304313928238,129.084164927258,,,,,,,
코코브라운 부산대본점,음식점 > 양식 > 이탈리안,051-582-0777,부산 금정구 금강로 250,264,http://place.map.kakao.com/26487017,35.2303090799045,129.084987699796,,,,,,,
쑝쑝돈까스 부산대점,"음식점 > 일식 > 돈까스,우동 > 쑝쑝돈까스",051-514-5554,부산 금정구 부산대학로49번길 33,339,http://place.map.kakao.com/1987993223,35.2298084766357,129.085589916288,,,,,,,
슈퍼크리스피 부산대점,음식점 > 패스트푸드 > 슈퍼크리스피,051-515-0818,부산 금정구 부산대학로49번길 8,221,http://place.map.kakao.com/582995267,35.2310165715672,129.085348473054,,,,,,,
스시심,"음식점 > 일식 > 초밥,롤",051-515-3088,부산 금정구 금강로 279-1,179,http://place.map.kakao.com/1128490425,35.23303410059363,129.08540891198143,,,,,,,
스시심타카이,"음식점 > 일식 > 초밥,롤",010-2847-3576,부산 금정구 부산대학로 29,439,http://place.map.kakao.com/1241565835,35.230800228884725,129.08801724644994,,,,,,,
야마벤또,음식점 > 일식,051-512-9284,부산 금정구 금강로 255-4,185,http://place.map.kakao.com/23636668,35.231040669677775,129.08478676876473,,,,,,,
돈까스겸,"음식점 > 일식 > 돈까스,우동",051-513-5633,부산 금정구 부산대학로63번길 48,304,http://place.map.kakao.com/15597283,35.22965612052987,129.08376289563984,,,,,,,
교토밥상,음식점 > 일식 > 일식집,070-4122-5858,부산 금정구 금강로 270,170,http://place.map.kakao.com/1236512943,35.23208125090694,129.08542844844686,,,,,,,
토흐(TOH),"음식점 > 일식 > 돈까스,우동",051-583-0120,부산 금정구 금강로 295-1,305,http://place.map.kakao.com/1385102417,35.23452067061321,129.08574132692553,,,,,,,
안다미로,음식점 > 일식,051-581-1230,부산 금정구 금강로279번길 8,174,http://place.map.kakao.com/17540055,35.2333014336077,129.085165340992,,,,,,,
모시모시,"음식점 > 일식 > 초밥,롤",051-515-6245,부산 금정구 금강로 271-5,124,http://place.map.kakao.com/17157928,35.2322273903631,129.084948938162,,,,,,,
쿠카이야,"음식점 > 일식 > 돈까스,우동",051-581-3004,부산 금정구 부산대학로63번길 37,268,http://place.map.kakao.com/490268772,35.23001937826585,129.08412363422426,,,,,,,
코하루,음식점 > 일식 > 일본식라면,051-516-4392,부산 금정구 부산대학로38번길 16,353,http://place.map.kakao.com/843345495,35.2319824647025,129.087446783985,,,,,,,
야마즈미우동,"음식점 > 일식 > 돈까스,우동",051-944-3438,부산 금정구 금강로 285-3,205,http://place.map.kakao.com/26640609,35.233566867610634,129.08534567047113,,,,,,,
동경생돈까스,"음식점 > 일식 > 돈까스,우동",051-515-8802,부산 금정구 금강로279번길 6,180,http://place.map.kakao.com/8917092,35.233281677923,129.085265880113,,,,,,,
야타이스시,"음식점 > 일식 > 초밥,롤",051-518-1314,부산 금정구 부산대학로38번길 40,378,http://place.map.kakao.com/27503177,35.232915227893706,129.0877035300681,,,,,,,
코타츠,음식점 > 일식,010-2607-4918,부산 금정구 부산대학로49번길 18,279,http://place.map.kakao.com/1498636881,35.230480814820034,129.0855851645054,,,,,,,
펀치,음식점 > 일식 > 일본식라면,0507-1440-3063,부산 금정구 부산대학로38번길 10,353,http://place.map.kakao.com/1137796922,35.2316358929755,129.087373103192,,,,,,,
어가가이텐스시,"음식점 > 일식 > 초밥,롤",051-513-5354,부산 금정구 장전온천천로 95,512,http://place.map.kakao.com/1878526066,35.2334076890234,129.089087947849,,,,,,,
인자한키친,음식점 > 일식,,부산 금정구 부산대학로64번길 128,555,http://place.map.kakao.com/464139498,35.2370072376287,129.085985140317,,,,,,,
교자비루,음식점 > 술집 > 일본식주점,010-8191-5643,부산 금정구 금강로 284,224,http://place.map.kakao.com/1856580050,35.2333650578991,129.085761158187,,,,,,,
야키도리 디귿,음식점 > 일식 > 일식집,,부산 금정구 부산대학로50번길 43,268,http://place.map.kakao.com/600383700,35.2333029529207,129.086331789387,,,,,,,
스스키노 부산대점,음식점 > 일식,051-583-8263,부산 금정구 부산대학로49번길 43,382,http://place.map.kakao.com/1637523857,35.2293372402466,129.085533921228,,,,,,,
상생라멘 부산대점,음식점 > 일식 > 일본식라면,051-947-5743,부산 금정구 금강로 278,188,http://place.map.kakao.com/1011724834,35.2327348321623,129.0856231077,,,,,,,
스시미도리,"음식점 > 일식 > 초밥,롤",051-513-4223,부산 금정구 금정로91번길 16,229,http://place.map.kakao.com/9326981,35.2330274084942,129.086006221456,,,,,,,
텐동롯코,음식점 > 일식,,부산 금정구 부산대학로49번길 38,349,http://place.map.kakao.com/1686631893,35.2295858015172,129.085333811137,,,,,,,
혼돈불고기돈까스 함박스테이크,"음식점 > 일식 > 돈까스,우동",051-517-4500,부산 금정구 부산대학로49번길 43,382,http://place.map.kakao.com/1481857984,35.22933148375912,129.0855019243125,,,,,,,
라멘정 부산대학점,음식점 > 일식 > 일본식라면,,부산 금정구 부산대학로49번길 16,271,http://place.map.kakao.com/395861167,35.23061409938843,129.08564239260494,,,,,,,
물고기 부산대점,음식점 > 술집 > 일본식주점,051-517-5165,부산 금정구 금강로 271-4,148,http://place.map.kakao.com/391753354,35.2324749085574,129.085227653018,,,,,,,
겐쇼심야라멘,음식점 > 일식 > 일본식라면,,부산 금정구 부산대학로 37,360,http://place.map.kakao.com/805198067,35.23093347427981,129.08713654525428,,,,,,,
미가락,"음식점 > 일식 > 돈까스,우동",051-583-2378,부산 금정구 부산대학로 57,170,http://place.map.kakao.com/15455752,35.2313017215705,129.084907671955,,,,,,,
꽃달,음식점 > 술집 > 일본식주점,,부산 금정구 부산대학로50번길 45,265,http://place.map.kakao.com/1711996521,35.23348458719894,129.08619805406258,,,,,,,
맛나는돈까스,"음식점 > 일식 > 돈까스,우동",,부산 금정구 금강로321번길 57,496,http://place.map.kakao.com/20461041,35.2368679784235,129.083398224924,,,,,,,
겐로쿠우동 부산대점,"음식점 > 일식 > 돈까스,우동 > 겐로쿠우동",,부산 금정구 부산대학로 45-1,276,http://place.map.kakao.com/1605319836,35.2311421760466,129.08621713707853,,,,,,,
키햐아 부산대점,음식점 > 일식,070-4129-6056,부산 금정구 금정로91번길 8,270,http://place.map.kakao.com/315877838,35.2329433407468,129.08649171766,,,,,,,
라멘쿠우,음식점 > 일식 > 일본식라면,,부산 금정구 금강로 280,191,http://place.map.kakao.com/1349681810,35.2328646536917,129.085619842015,,,,,,,
키무엔라멘,음식점 > 일식 > 일본식라면,,부산 금정구 장전온천천로73번길 6,457,http://place.map.kakao.com/739810533,35.2316822966378,129.088548366094,,,,,,,
카츠면,"음식점 > 일식 > 돈까스,우동",051-582-7779,부산 금정구 금강로 275,163,http://place.map.kakao.com/1918864629,35.2327658359521,129.085340538406,,,,,,,
미슐당 부산대점,음식점 > 일식,0502-5554-2813,부산 금정구 부산대학로63번길 29,213,http://place.map.kakao.com/300453609,35.23051142213473,129.0840703264857,,,,,,,
물고기자리,음식점 > 술집 > 일본식주점,070-8866-7177,부산 금정구 금강로 244,313,http://place.map.kakao.com/1008085951,35.2297490616005,129.084802036542,,,,,,,
오사카함박스테이크 부산대본점,음식점 > 일식 > 일식집,051-518-8630,부산 금정구 부산대학로64번길 14-3,97,http://place.map.kakao.com/976653391,35.2322432689185,129.084655000217,,,,,,,
정직유부 부산대점,"음식점 > 일식 > 초밥,롤 > 정직유부",051-583-0889,부산 금정구 금강로 253,217,http://place.map.kakao.com/911727458,35.2306808990327,129.084746809186,,,,,,,
리틀프랑 본점,음식점 > 양식 > 이탈리안,051-581-0056,부산 금정구 부산대학로 50,229,http://place.map.kakao.com/7864496,35.231468490935626,129.0858454864372,,,,,,,
잇쇼우안스테이크 본점,"음식점 > 양식 > 스테이크,립",051-515-0019,부산 금정구 부산대학로50번길 40,274,http://place.map.kakao.com/1742415678,35.2330947423686,129.0864912028,,,,,,,
리멘시타,음식점 > 양식 > 이탈리안,051-513-1001,부산 금정구 금강로 254,235,http://place.map.kakao.com/12664027,35.2306430997494,129.085057752838,,,,,,,
컬러드,음식점 > 양식,051-518-3771,부산 금정구 부산대학로63번길 39,283,http://place.map.kakao.com/1502216307,35.2298769650333,129.084125481999,,,,,,,
에픽키친,음식점 > 양식,,부산 금정구 금정로 62-1,364,http://place.map.kakao.com/1041013612,35.2301952813807,129.086570691942,,,,,,,
해쉬,음식점 > 양식,0507-1413-2349,부산 금정구 금강로 248-3,261,http://place.map.kakao.com/1403993346,35.2304212734464,129.085170688594,,,,,,,
엘부리또,"음식점 > 양식 > 멕시칸,브라질",,부산 금정구 금강로279번길 30-7,168,http://place.map.kakao.com/1764278094,35.233902298984404,129.08386932669114,,,,,,,
베이스먼트,음식점 > 양식,051-583-9454,부산 금정구 금강로 276,180,http://place.map.kakao.com/16841308,35.23258529633299,129.08556765846,,,,,,,
서양식당,음식점 > 양식 > 이탈리안,051-518-0929,부산 금정구 금정로 59-1,355,http://place.map.kakao.com/1576018188,35.22989276452456,129.086032479719,,,,,,,
몽포트,음식점 > 양식,051-583-0981,부산 금정구 부산대학로63번길 7,137,http://place.map.kakao.com/255035479,35.231294600954,129.084274876282,,,,,,,
피자몰 NC백화점부산대점,음식점 > 양식 > 피자 > 피자몰,051-509-7401,부산 금정구 부산대학로63번길 2,28,http://place.map.kakao.com/265413566,35.2322765502829,129.083873862014,,,,,,,
나이트폴,음식점 > 양식,,부산 금정구 금강로321번길 7,525,http://place.map.kakao.com/1243662345,35.2366872745538,129.086040649685,,,,,,,
피자와썹 부산금정점,음식점 > 양식 > 피자 > 피자와썹,051-515-2102,부산 금정구 금강로321번길 15,519,http://place.map.kakao.com/567532918,35.236767874234,129.085651697752,,,,,,,
크레딧버거,음식점 > 양식 > 햄버거,010-4225-1465,부산 금정구 장전로12번길 15,567,http://place.map.kakao.com/936555194,35.228490407591764,129.08760989705272,,,,,,,
칠리앤버건디,"음식점 > 양식 > 멕시칸,브라질",010-2523-9303,부산 금정구 부산대학로50번길 45,265,http://place.map.kakao.com/1394829252,35.2334845872448,129.086198054075,,,,,,,
멜버른마켓,음식점 > 양식,0507-1359-8715,부산 금정구 장전온천천로83번길 17-1,395,http://place.map.kakao.com/858518231,35.2324370201371,129.087947177448,,,,,,,
올라,음식점 > 양식,0503-7154-3192,부산 금정구 부산대학로 33-4,388,http://place.map.kakao.com/997917092,35.23093398439736,129.08747263251826,,,,,,,
파파존스 부산대점,음식점 > 양식 > 피자 > 파파존스,051-512-8144,부산 금정구 부산대학로 58,157,http://place.map.kakao.com/1895029402,35.2316201186425,129.085047616501,,,,,,,
호작,음식점 > 양식,010-9839-7790,부산 금정구 장전로20번길 22,509,http://place.map.kakao.com/526259910,35.2288937445655,129.087213879033,,,,,,,
노모어피자 부산대점,음식점 > 양식 > 피자,070-7542-4736,부산 금정구 금정로68번길 22,429,http://place.map.kakao.com/1621425833,35.23044675917948,129.08766442591318,,,,,,,
키노,음식점 > 양식 > 이탈리안,0503-7150-6689,부산 금정구 장전로12번길 30,554,http://place.map.kakao.com/1943429941,35.2290220385751,129.088082591681,,,,,,,
도미노피자 부산대점,음식점 > 양식 > 피자 > 도미노피자,051-517-3082,부산 금정구 금정로 54,423,http://place.map.kakao.com/7834279,35.229342257119434,129.08639288939193,,,,,,,
피자먹다 부산대점,음식점 > 양식 > 피자 > 피자먹다,051-581-3229,부산 금정구 금강로 271-11,100,http://place.map.kakao.com/937849836,35.2324181397466,129.084704506136,,,,,,,
제멜리아,음식점 > 양식 > 이탈리안,051-514-9822,부산 금정구 부산대학로49번길 42-1,349,http://place.map.kakao.com/1721054086,35.2294995102151,129.085111949609,,,,,,,
히게,음식점 > 양식 > 햄버거,0507-1392-6191,부산 금정구 금강로 288-1,258,http://place.map.kakao.com/875657256,35.23376746935978,129.08588898344328,,,,,,,
애요스다이닝 부산대점,음식점 > 양식,,부산 금정구 금강로 267-3,142,http://place.map.kakao.com/293507207,35.2320121646897,129.085097190641,,,,,,,
세멜레,음식점 > 양식,,부산 금정구 금강로 323,566,http://place.map.kakao.com/479070711,35.236991574461,129.086318641699,,,,,,,
바이트사이트,음식점 > 양식,0507-1496-0852,부산 금정구 수림로61번길 60,556,http://place.map.kakao.com/425979395,35.23726675327284,129.08504499473318,,,,,,,
옐로우피자 부산대점,음식점 > 양식 > 피자,051-513-1218,부산 금정구 금정로 121,487,http://place.map.kakao.com/475911711,35.2354978659731,129.087392998927,,,,,,,
고래한입피자 부산대점,음식점 > 양식 > 피자,051-714-2944,부산 금정구 금정로60번길 14,439,http://place.map.kakao.com/673862112,35.229692990898386,129.0871135481445,,,,,,,
프랭크버거 부산대점,음식점 > 양식 > 햄버거 > 프랭크버거,051-515-0057,부산 금정구 장전온천천로 51,581,http://place.map.kakao.com/1716678262,35.22961077031175,129.08900594634983,,,,,,,
프레드피자 부산대점,음식점 > 양식 > 피자 > 프레드피자,051-513-7477,부산 금정구 장전로20번길 28,484,http://place.map.kakao.com/740279991,35.229327093958936,129.087376542071,,,,,,,
가득피자 금정점,음식점 > 양식 > 피자,0502-5551-8712,부산 금정구 부산대학로 29,428,http://place.map.kakao.com/1546419421,35.23086853240875,129.08792344686003,,,,,,,
가또로스코,음식점 > 양식,,부산 금정구 부산대학로64번길 40,147,http://place.map.kakao.com/618231181,35.23320807606595,129.08488288119506,,,,,,,
까르보네 부산대점,음식점 > 양식,051-515-9414,부산 금정구 장전온천천로 51,571,http://place.map.kakao.com/255739311,35.2295791762579,129.08885247759,,,,,,,
밤비나,음식점 > 양식 > 이탈리안,,부산 금정구 부산대학로49번길 32-1,310,http://place.map.kakao.com/9071070,35.2299443906794,129.085233163867,,,,,,,
앤젤로,음식점 > 양식 > 이탈리안,051-503-2815,부산 금정구 장전로20번길 29-1,459,http://place.map.kakao.com/621422477,35.2294182244199,129.087108704928,,,,,,,
애매모호,음식점 > 양식,,부산 금정구 장전로18번길 13,534,http://place.map.kakao.com/546634874,35.228585317622084,129.08717522573656,,,,,,,
소다미김밥,음식점 > 분식,051-518-7518,부산 금정구 금강로 271-4,147,http://place.map.kakao.com/23715293,35.2325038839245,129.085219608374,,,,,,,
마산분식,음식점 > 분식,,부산 금정구 수림로85번길 47,595,http://place.map.kakao.com/21429886,35.23775197509623,129.08324290325487,,,,,,,
강다짐 부산대점,음식점 > 분식 > 강다짐,070-7607-0986,부산 금정구 부산대학로64번길 6,96,http://place.map.kakao.com/85063551,35.23182591644757,129.08440049759218,,,,,,,
두끼떡볶이 부산대점,음식점 > 분식 > 떡볶이 > 두끼떡볶이,051-515-8123,부산 금정구 금정로 70,325,http://place.map.kakao.com/1948337043,35.2308573244159,129.08664036779,,,,,,,
온김밥,음식점 > 분식,051-518-1777,부산 금정구 금정로119번길 15,428,http://place.map.kakao.com/1159547304,35.23530354442226,129.08669496549496,,,,,,,
오뚜기분식,음식점 > 분식,051-513-5640,부산 금정구 금강로321번길 57,497,http://place.map.kakao.com/21430196,35.236875297861836,129.08339182199416,,,,,,,
신전떡볶이 부산대학점,음식점 > 분식 > 떡볶이 > 신전떡볶이,051-517-3451,부산 금정구 금강로 272-1,172,http://place.map.kakao.com/12130668,35.232362277418,129.085488361958,,,,,,,
싸다김밥 부산대점,음식점 > 분식 > 싸다김밥,051-516-2919,부산 금정구 금정로68번길 2,337,http://place.map.kakao.com/116416948,35.230631463444595,129.0866214027725,,,,,,,
진경순부대꼬마김밥,음식점 > 분식,051-583-9330,부산 금정구 장전온천천로 57,559,http://place.map.kakao.com/10467381,35.22998936889424,129.08899918124183,,,,,,,
부산대순저씨,음식점 > 분식,,부산 금정구 부산대학로64번길 36,135,http://place.map.kakao.com/281691355,35.23315519223464,129.08476181149842,,,,,,,
우리그리,음식점 > 분식,,부산 금정구 금강로321번길 60,514,http://place.map.kakao.com/21429088,35.2370189531575,129.083213168454,,,,,,,
애플꼬마김밥 부산대점,음식점 > 분식 > 애플꼬마김밥,010-8526-8899,부산 금정구 부산대학로63번길 7,138,http://place.map.kakao.com/371369526,35.23127938274358,129.0842689954489,,,,,,,
분잉,음식점 > 분식,051-517-3355,부산 금정구 장전로 33,452,http://place.map.kakao.com/1543120747,35.22855352968463,129.0852557689115,,,,,,,
삼첩분식 부산대점,음식점 > 분식 > 삼첩분식,051-938-3806,부산 금정구 금강로 285,216,http://place.map.kakao.com/261650515,35.2335276207705,129.085531379551,,,,,,,
청년다방 nc백화점부산대점,음식점 > 분식 > 떡볶이 > 청년다방,051-515-8424,부산 금정구 부산대학로63번길 2,26,http://place.map.kakao.com/604514540,35.23224315372529,129.0838246824128,,,,,,,
달걀김밥 에그랩,음식점 > 분식,070-8883-8888,부산 금정구 금강로321번길 72,522,http://place.map.kakao.com/970271810,35.23702464991446,129.08251585241416,,,,,,,
장호덕손만두 부산대점,음식점 > 분식 > 장호덕손만두,051-583-0926,부산 금정구 금정로 59-8,321,http://place.map.kakao.com/1419079783,35.2301610105786,129.085840561826,,,,,,,
부대쌀떡볶이,음식점 > 분식 > 떡볶이,070-7372-7374,부산 금정구 장전동 403-23,122,http://place.map.kakao.com/1104040872,35.2313799850748,129.08413098869124,,,,,,,
북문분식,음식점 > 분식,070-8657-3299,부산 금정구 금강로279번길 62,238,http://place.map.kakao.com/1901843,35.2345335997288,129.083840447274,,,,,,,
김피라 부산대점,음식점 > 분식,,부산 금정구 부산대학로63번길 2,242,http://place.map.kakao.com/1536453125,35.2340327991422,129.081837470147,,,,,,,
북맛골우동집 부산대점,음식점 > 분식,,부산 금정구 금강로321번길 62,515,http://place.map.kakao.com/1030896762,35.2370213727933,129.083072639647,,,,,,,
빨봉분식 부산대역점,음식점 > 분식,051-515-8079,부산 금정구 금정로60번길 39,545,http://place.map.kakao.com/22138003,35.22948560702221,129.08842614921215,,,,,,,
김미김밥,음식점 > 분식,051-581-0229,부산 금정구 금강로 274,176,http://place.map.kakao.com/554998722,35.23249224275254,129.0855290318387,,,,,,,
배떡 부산대점,음식점 > 분식 > 떡볶이 > 배떡,051-514-7272,부산 금정구 부산대학로49번길 42,361,http://place.map.kakao.com/1405019779,35.229475663991884,129.08534526914485,,,,,,,
달인아빠김밥떡볶이 부산대점,음식점 > 분식,051-513-1229,부산 금정구 금정로68번길 41,514,http://place.map.kakao.com/1505934842,35.23043399433173,129.08871734422564,,,,,,,
복이네즉석떡볶이,음식점 > 분식 > 떡볶이,,부산 금정구 중앙대로1629번길 16,591,http://place.map.kakao.com/1751396980,35.230608604191275,129.08972125340358,,,,,,,
어묵킹,음식점 > 분식,,부산 금정구 금정로60번길 20,457,http://place.map.kakao.com/771799509,35.2295865641549,129.08727556091,,,,,,,
정다운김밥&떡볶이,음식점 > 분식,,부산 금정구 금정로68번길 12-12,409,http://place.map.kakao.com/787605434,35.2301881297814,129.087194327085,,,,,,,
땅스떡볶이 장전점,음식점 > 분식 > 떡볶이 > 땅스떡볶이,051-515-8599,부산 금정구 금정로 20,548,http://place.map.kakao.com/1162580271,35.22800117274266,129.0863508552606,,,,,,,
빨봉분식 부산대점,음식점 > 분식,051-515-8079,부산 금정구 금정로60번길 39,545,http://place.map.kakao.com/1546282303,35.229503432519,129.088437588824,,,,,,,
뉴숯불통닭 본점,음식점 > 치킨,051-514-3885,부산 금정구 금강로335번길 55,595,http://place.map.kakao.com/8860320,35.23775776866604,129.0834297751688,,,,,,,
아웃닭 부산대점,음식점 > 치킨,051-512-4375,부산 금정구 부산대학로50번길 28,249,http://place.map.kakao.com/18274881,35.232556791608005,129.0863324464279,,,,,,,
기영이숯불두마리치킨 부산대점,음식점 > 치킨 > 기영이숯불두마리치킨,051-515-5578,부산 금정구 금강로279번길 70,279,http://place.map.kakao.com/68269174,35.2348969786255,129.083984839865,,,,,,,
DK치킨 부산대점,음식점 > 치킨 > DK치킨,051-517-3344,부산 금정구 부산대학로63번길 38,260,http://place.map.kakao.com/16347208,35.23006099143152,129.0839050447465,,,,,,,
BBQ 부산대북문점,음식점 > 치킨 > BBQ,051-582-9290,부산 금정구 수림로71번길 56,556,http://place.map.kakao.com/1046136101,35.23734974510338,129.08456932908751,,,,,,,
굽네치킨 부산장전점,음식점 > 치킨 > 굽네치킨,051-512-9953,부산 금정구 금정로 87,277,http://place.map.kakao.com/10223325,35.23240902088127,129.08664497234068,,,,,,,
남썬치킨 부산대점,음식점 > 치킨,051-515-8592,부산 금정구 부산대학로38번길 23,336,http://place.map.kakao.com/1540363072,35.2322447213316,129.087288760042,,,,,,,
BHC치킨 부산대점,음식점 > 치킨 > BHC치킨,051-515-9282,부산 금정구 금강로 230,422,http://place.map.kakao.com/12711424,35.22864550897251,129.0843630484617,,,,,,,
부어치킨 부산대점,음식점 > 치킨 > 부어치킨,051-583-9959,부산 금정구 금강로 268,174,http://place.map.kakao.com/1852114332,35.231844864456,129.08539274242656,,,,,,,
교촌치킨 부산대점,음식점 > 치킨 > 교촌치킨,051-582-8588,부산 금정구 금강로 270,171,http://place.map.kakao.com/8706868,35.2320746429054,129.085445852025,,,,,,,
문진옥숯불바베큐치킨 부산대점,음식점 > 치킨,051-583-2700,부산 금정구 장전로 54-1,305,http://place.map.kakao.com/1096686249,35.229660312345494,129.08325780080403,,,,,,,
노랑통닭 부산대점,음식점 > 치킨 > 노랑통닭,051-969-9292,부산 금정구 금정로91번길 19,211,http://place.map.kakao.com/810029679,35.23287693079252,129.08584860450065,,,,,,,
쌀통닭 장전점,음식점 > 치킨 > 쌀통닭,051-583-5235,부산 금정구 금강로 301,352,http://place.map.kakao.com/1250699406,35.2349355900971,129.085927686357,,,,,,,
BBQ 부산대학교점,음식점 > 치킨 > BBQ,051-518-9280,부산 금정구 금정로91번길 22,214,http://place.map.kakao.com/1947423004,35.23309959395905,129.08579170284114,,,,,,,
처갓집양념치킨 장전점,음식점 > 치킨 > 처갓집양념치킨,051-583-6262,부산 금정구 금강로321번길 40,519,http://place.map.kakao.com/26873270,35.237043745822064,129.08433743004298,,,,,,,
뉴숯불통닭 딜리버리점,음식점 > 치킨,,부산 금정구 금강로335번길 55,594,http://place.map.kakao.com/174499886,35.237754316869015,129.08342089985166,,,,,,,
로꼬꼬,음식점 > 치킨,051-516-6662,부산 금정구 부산대학로38번길 9,336,http://place.map.kakao.com/664273152,35.23167690614376,129.0871896412001,,,,,,,
충만치킨 부산대점,음식점 > 치킨 > 충만치킨,051-583-9990,부산 금정구 금정로60번길 6,402,http://place.map.kakao.com/553076932,35.2297899280541,129.08666574258,,,,,,,
사직홀닭,음식점 > 치킨,,부산 금정구 금강로 255,197,http://place.map.kakao.com/1869099032,35.2309257825396,129.084812383725,,,,,,,
김종구식맛치킨 장전점,음식점 > 치킨,051-582-9998,부산 금정구 금강로 209-1,573,http://place.map.kakao.com/820268665,35.2272647219686,129.082911000005,,,,,,,
BBQ 부산장전점,음식점 > 치킨 > BBQ,051-557-9292,부산 금정구 금강로 225,507,http://place.map.kakao.com/24440086,35.2283932918261,129.080901505515,,,,,,,
멕시카나치킨 장전점,음식점 > 치킨 > 멕시카나치킨,051-583-0209,부산 금정구 부산대학로38번길 35,344,http://place.map.kakao.com/11249484,35.232795108496,129.087353386327,,,,,,,
치킨신드롬 부산대점,음식점 > 치킨 > 치킨신드롬,051-581-7080,부산 금정구 장전로 22-1,526,http://place.map.kakao.com/1777226180,35.2282760940878,129.086451246955,,,,,,,
꾼닭꾼덕 부산대점,음식점 > 치킨,051-582-9952,부산 금정구 금정로 57,372,http://place.map.kakao.com/1243640785,35.22970859507706,129.08605192537848,,,,,,,
무봤나촌닭 부산대점,음식점 > 치킨 > 무봤나촌닭,051-582-7483,부산 금정구 장전로12번길 56,523,http://place.map.kakao.com/11988687,35.2300951980132,129.088610911067,,,,,,,
뭄바이,음식점 > 아시아음식 > 인도음식,051-991-1417,부산 금정구 금강로 271-6,132,http://place.map.kakao.com/63042420,35.2325069110201,129.085043957321,,,,,,,
우리집중국전통가정요리,음식점 > 중식,010-4367-1018,부산 금정구 금강로321번길 60,518,http://place.map.kakao.com/1654591498,35.2370618489139,129.083234036306,,,,,,,
정진영 요리술집(정진영펍),"음식점 > 술집 > 호프,요리주점",0503-7152-1811,부산 금정구 금강로 271,143,http://place.map.kakao.com/26964454,35.2322201550071,129.085159626478,,,,,,,
한솥도시락 부산대점,음식점 > 도시락 > 한솥도시락,051-513-0685,부산 금정구 부산대학로64번길 10,92,http://place.map.kakao.com/18248866,35.2319653366209,129.084467766505,,,,,,,
탭일레븐,"음식점 > 술집 > 호프,요리주점",070-4791-2529,부산 금정구 부산대학로49번길 8,221,http://place.map.kakao.com/371440467,35.2310129686118,129.085348380828,,,,,,,
골목,"음식점 > 술집 > 호프,요리주점",010-5055-7421,부산 금정구 부산대학로50번길 3-4,211,http://place.map.kakao.com/1556598458,35.2316801446726,129.085747666855,,,,,,,
봉구스밥버거 부산대점,음식점 > 한식 > 주먹밥 > 봉구스밥버거,051-512-5122,부산 금정구 수림로81번길 63,512,http://place.map.kakao.com/19511372,35.2370149181146,129.083656804576,,,,,,,
라디오헤드,"음식점 > 술집 > 호프,요리주점",,부산 금정구 금강로 279-1,180,http://place.map.kakao.com/20150145,35.23301013234906,129.08544014931212,,,,,,,
나니,음식점 > 패스트푸드 > 샌드위치,051-515-8965,부산 금정구 금강로279번길 40,176,http://place.map.kakao.com/1422427151,35.233980079747,129.083748304479,,,,,,,
노프247,음식점 > 술집 > 칵테일바,,부산 금정구 금강로279번길 3,159,http://place.map.kakao.com/1334871336,35.2329744539042,129.085209689091,,,,,,,
역전할머니맥주 부산대점,"음식점 > 술집 > 호프,요리주점 > 역전할머니맥주",051-514-1982,부산 금정구 부산대학로50번길 9,219,http://place.map.kakao.com/616722706,35.2318215394174,129.085909441771,,,,,,,
베뜨빌,음식점 > 술집 > 와인바,051-518-4599,부산 금정구 금정로 102-1,370,http://place.map.kakao.com/15230685,35.2337035178837,129.087350306891,,,,,,,
투게더,음식점 > 술집,0507-1466-1613,부산 금정구 부산대학로50번길 5,224,http://place.map.kakao.com/433332203,35.23164165435444,129.08588945916375,,,,,,,
백석,음식점 > 술집 > 칵테일바,010-4077-2606,부산 금정구 부산대학로38번길 23-1,323,http://place.map.kakao.com/867165438,35.23229041920127,129.08714715206426,,,,,,,
쏘쏘사라다,"음식점 > 간식 > 제과,베이커리",,부산 금정구 장전로12번길 19,551,http://place.map.kakao.com/427586385,35.228741253703234,129.08769539940187,,,,,,,
쉼표,음식점 > 술집 > 칵테일바,,부산 금정구 금정로91번길 3,277,http://place.map.kakao.com/298853805,35.23277094077928,129.0866125083546,,,,,,,
조선대패 부산대점,"음식점 > 한식 > 육류,고기 > 삼겹살",0507-1435-4750,부산 금정구 장전로 42,359,http://place.map.kakao.com/299790803,35.2292195143699,129.084364556159,,,,,,,
정성을다한갈비찜 부산대점,"음식점 > 한식 > 육류,고기 > 갈비",010-2652-6260,부산 금정구 금강로279번길 3,167,http://place.map.kakao.com/947134693,35.233104778816504,129.08522950017323,,,,,,,
선진축산,"음식점 > 한식 > 육류,고기",051-518-3636,부산 금정구 금강로 278,188,http://place.map.kakao.com/1166463474,35.2327528850083,129.08562137334,,,,,,,
한끼닭칼국수 부산대점,"음식점 > 한식 > 육류,고기 > 닭요리",051-581-8885,부산 금정구 금강로 269,149,http://place.map.kakao.com/971746728,35.2320736469589,129.085189923201,,,,,,,
미미엔 부산점,"음식점 > 한식 > 육류,고기",051-997-5123,부산 금정구 금강로 272,170,http://place.map.kakao.com/1615615350,35.2322077268545,129.085462438944,,,,,,,
수림로족발,"음식점 > 한식 > 육류,고기 > 족발,보쌈",051-518-7501,부산 금정구 금강로291번길 14,251,http://place.map.kakao.com/1177918733,35.23432708846701,129.08505211125225,,,,,,,
평화김해뒷고기 부산대점,"음식점 > 한식 > 육류,고기",070-4143-9527,부산 금정구 금강로 251-1,227,http://place.map.kakao.com/580335104,35.2305798636314,129.08475300963,,,,,,,
대패왕,"음식점 > 한식 > 육류,고기 > 삼겹살",051-984-6060,부산 금정구 금정로91번길 14,243,http://place.map.kakao.com/2094692709,35.2330282668514,129.086165498412,,,,,,,
따띠삼겹 부산대점,"음식점 > 한식 > 육류,고기 > 삼겹살 > 따띠삼겹",051-583-1823,부산 금정구 금강로 276,179,http://place.map.kakao.com/88217003,35.23260183152784,129.08554941066117,,,,,,,
드랍더미트,"음식점 > 한식 > 육류,고기 > 삼겹살",010-5873-4443,부산 금정구 수림로85번길 64,526,http://place.map.kakao.com/1095572207,35.23710700156678,129.08291446844683,,,,,,,
똥다리불닭발,"음식점 > 한식 > 육류,고기 > 닭요리",051-512-7994,부산 금정구 금강로 286,234,http://place.map.kakao.com/64564380,35.233503300215055,129.0857921562063,,,,,,,
유가네닭갈비 부산대점,"음식점 > 한식 > 육류,고기 > 닭요리 > 유가네닭갈비",051-514-7573,부산 금정구 금정로 59-5,346,http://place.map.kakao.com/1873433587,35.2299254907885,129.08591140998,,,,,,,
소장수,"음식점 > 한식 > 육류,고기",051-951-9292,부산 금정구 금강로 308,433,http://place.map.kakao.com/1477268146,35.2355825299857,129.086350643191,,,,,,,
조선한우 부산본점,"음식점 > 한식 > 육류,고기",051-714-1310,부산 금정구 장전로 41,401,http://place.map.kakao.com/604489550,35.2288701272792,129.084558793635,,,,,,,
백양숯불갈비,"음식점 > 한식 > 육류,고기 > 갈비 > 백양숯불갈비",,부산 금정구 부산대학로50번길 8,246,http://place.map.kakao.com/1282582414,35.2316212769376,129.086130561421,,,,,,,
족발이다 부산대점,"음식점 > 한식 > 육류,고기 > 족발,보쌈",051-582-2925,부산 금정구 금강로 285-2,227,http://place.map.kakao.com/2079656913,35.2336538884718,129.085577447103,,,,,,,
오늘김해뒷고기 부산대점,"음식점 > 한식 > 육류,고기",051-917-5551,부산 금정구 부산대학로50번길 39,257,http://place.map.kakao.com/19533296,35.233127125382744,129.08628554977935,,,,,,,
고기랑한방울,"음식점 > 한식 > 육류,고기",,부산 금정구 금강로 274-3,188,http://place.map.kakao.com/20438653,35.2324565306812,129.085666503605,,,,,,,
아리랑찜닭,"음식점 > 한식 > 육류,고기 > 닭요리",,부산 금정구 부산대학로 60,139,http://place.map.kakao.com/101215025,35.2316855052899,129.084861482237,,,,,,,
효원우곱,"음식점 > 한식 > 육류,고기 > 곱창,막창",,부산 금정구 부산대학로50번길 12,243,http://place.map.kakao.com/681653468,35.2318312952956,129.086179871947,,,,,,,
연막창 부산대점,"음식점 > 한식 > 육류,고기 > 곱창,막창",051-513-8798,부산 금정구 부산대학로50번길 33,242,http://place.map.kakao.com/1250344330,35.2328039155748,129.086215765913,,,,,,,
이시봉족발보쌈 금정점,"음식점 > 한식 > 육류,고기 > 족발,보쌈",051-583-2578,부산 금정구 금강로 293,286,http://place.map.kakao.com/25134201,35.234275136800996,129.08576579231934,,,,,,,
부소담 숯불폭립등갈비,"음식점 > 한식 > 육류,고기 > 갈비",051-911-5850,부산 금정구 부산대학로50번길 44,285,http://place.map.kakao.com/2097265069,35.233233090002,129.086568333757,,,,,,,
유가솜씨 부산대본점,"음식점 > 한식 > 육류,고기 > 닭요리",051-514-7572,부산 금정구 금강로 248-7,288,http://place.map.kakao.com/994830402,35.23020650169793,129.08529259053068,,,,,,,
낙양,"음식점 > 한식 > 육류,고기",,부산 금정구 장전온천천로83번길 14,426,http://place.map.kakao.com/2040657089,35.232692875434054,129.08826455643515,,,,,,,
삼백집 부산대NC점,음식점 > 한식 > 국밥 > 삼백집,051-509-7226,부산 금정구 부산대학로63번길 2,27,http://place.map.kakao.com/283956692,35.2323501093815,129.083893316762,,,,,,,
동동국밥 부산대점,음식점 > 한식 > 국밥 > 동동국밥,0507-1382-6351,부산 금정구 금강로 260,201,http://place.map.kakao.com/133432260,35.2311345920854,129.085193341433,,,,,,,
전주콩나물국밥전문점,음식점 > 한식 > 국밥,051-582-7318,부산 금정구 부산대학로64번길 12-7,125,http://place.map.kakao.com/11481409,35.2320119669576,129.084899492171,,,,,,,
수라국밥 부산대점,음식점 > 한식 > 국밥,051-581-7779,부산 금정구 금정로 57-1,363,http://place.map.kakao.com/932955619,35.2298008312349,129.086033420307,,,,,,,
온정돼지국밥,음식점 > 한식 > 국밥,,부산 금정구 금강로 272,167,http://place.map.kakao.com/265546186,35.2322416790356,129.085427064333,,,,,,,
보글보글국밥,음식점 > 한식 > 국밥,051-514-2608,부산 금정구 금강로 256-5,226,http://place.map.kakao.com/21387471,35.230909181626444,129.0853050874041,,,,,,,
맛선생온정국밥 NC부산대아침점심저녁,음식점 > 한식 > 국밥,0502-5552-6457,부산 금정구 금강로 272,171,http://place.map.kakao.com/337220085,35.2321932201961,129.085467559014,,,,,,,
가마실돼지국밥,음식점 > 한식 > 국밥,051-914-5119,부산 금정구 금정로52번길 47,594,http://place.map.kakao.com/1208138390,35.22896876944071,129.0886105851271,,,,,,,
진경가마솥돼지국밥,음식점 > 한식 > 국밥,051-513-9330,부산 금정구 장전온천천로 57,547,http://place.map.kakao.com/878999120,35.230064130031444,129.08889676284517,,,,,,,
허기식당,음식점 > 한식,051-518-6365,부산 금정구 금강로321번길 48,515,http://place.map.kakao.com/21430709,35.237033496830634,129.08393846132617,,,,,,,
큰맘할매순대국 부산대정문점,음식점 > 한식 > 순대 > 큰맘할매순대국,051-936-0210,부산 금정구 금강로 271-6,133,http://place.map.kakao.com/1130455711,35.2325400117108,129.085057984276,,,,,,,
꼭지네 부산대점,음식점 > 술집 > 실내포장마차,0502-5553-5183,부산 금정구 부산대학로50번길 7-4,202,http://place.map.kakao.com/1646728584,35.2318670729867,129.085724996002,,,,,,,
홍두깨수타손칼국수,음식점 > 한식 > 국수 > 칼국수,,부산 금정구 장전로 35-1,433,http://place.map.kakao.com/16346601,35.2286616751853,129.084993858523,,,,,,,
홍두깨칼국수&갈비탕,음식점 > 한식 > 국수 > 칼국수,,부산 금정구 장전로 35-1,435,http://place.map.kakao.com/847786666,35.228651729093,129.084995800466,,,,,,,
한날한시,"음식점 > 술집 > 호프,요리주점",051-925-1212,부산 금정구 부산대학로50번길 21,219,http://place.map.kakao.com/1421159908,35.2323209178458,129.08600570096,,,,,,,
몽월,"음식점 > 술집 > 호프,요리주점",,부산 금정구 금정로91번길 20,222,http://place.map.kakao.com/1625087868,35.2330943065416,129.085889317137,,,,,,,
심취,"음식점 > 술집 > 호프,요리주점",010-6203-1345,부산 금정구 부산대학로50번길 44,284,http://place.map.kakao.com/1465467512,35.233257940345446,129.0865382175945,,,,,,,
몽크,"음식점 > 술집 > 호프,요리주점",051-517-5298,부산 금정구 금정로 90-1,316,http://place.map.kakao.com/1366185503,35.2325928601736,129.087062644294,,,,,,,
로스코 펍,음식점 > 술집,051-583-0709,부산 금정구 부산대학로64번길 40,146,http://place.map.kakao.com/1269838268,35.233215717212,129.08485781559557,,,,,,,
밀실,음식점 > 술집 > 칵테일바,0502-5552-3479,부산 금정구 부산대학로38번길 32,367,http://place.map.kakao.com/1561787348,35.2325993008867,129.087629534268,,,,,,,
온달포차,음식점 > 술집 > 실내포장마차,,부산 금정구 부산대학로63번길 46-4,285,http://place.map.kakao.com/21582501,35.2298347583696,129.0838553266,,,,,,,
미광,"음식점 > 술집 > 호프,요리주점",,부산 금정구 부산대학로50번길 8,245,http://place.map.kakao.com/1338317926,35.2316160617642,129.086119444956,,,,,,,
오라,음식점 > 술집 > 일본식주점,,부산 금정구 부산대학로50번길 28,249,http://place.map.kakao.com/15766171,35.23257484445911,129.08633071222764,,,,,,,
천탁,음식점 > 술집,,부산 금정구 부산대학로50번길 12,244,http://place.map.kakao.com/16462818,35.2317844184526,129.086180867947,,,,,,,
퍼멘타하우스,음식점 > 술집,051-517-7354,부산 금정구 부산대학로50번길 37,251,http://place.map.kakao.com/1467437299,35.23299955964895,129.08626251272386,,,,,,,
우리집,"음식점 > 술집 > 호프,요리주점",,부산 금정구 부산대학로50번길 12,240,http://place.map.kakao.com/866422839,35.231838917719,129.086155904698,,,,,,,
거누광장,"음식점 > 술집 > 호프,요리주점",,부산 금정구 부산대학로50번길 13,219,http://place.map.kakao.com/644175830,35.2319721083401,129.085957229426,,,,,,,
혜자동,"음식점 > 술집 > 호프,요리주점",010-5571-1903,부산 금정구 금정로91번길 14-1,242,http://place.map.kakao.com/1821867799,35.2330975378015,129.086120045249,,,,,,,
단골,"음식점 > 술집 > 호프,요리주점",0507-1318-3285,부산 금정구 부산대학로50번길 14,242,http://place.map.kakao.com/1397222173,35.2320197902251,129.086223139997,,,,,,,
만병통취,음식점 > 술집,0502-5553-9279,부산 금정구 부산대학로50번길 3-6,200,http://place.map.kakao.com/1882519275,35.23170114201841,129.08562739233798,,,,,,,
항아리,"음식점 > 술집 > 호프,요리주점",,부산 금정구 부산대학로49번길 22,288,http://place.map.kakao.com/16726496,35.230346383479,129.085542184808,,,,,,,
러프앤그레이트위크니,음식점 > 술집,,부산 금정구 부산대학로50번길 43-1,256,http://place.map.kakao.com/277494286,35.2333326634511,129.086176589785,,,,,,,
한라맥주 부산대점,"음식점 > 술집 > 호프,요리주점",,부산 금정구 부산대학로50번길 5,224,http://place.map.kakao.com/199613405,35.23164165440035,129.08588945917592,,,,,,,
몰타,음식점 > 술집 > 칵테일바,,부산 금정구 부산대학로50번길 44,285,http://place.map.kakao.com/1752101991,35.23323397186445,129.0865694546724,,,,,,,
톰스캐빈,음식점 > 술집 > 칵테일바,,부산 금정구 부산대학로50번길 15,207,http://place.map.kakao.com/868021560,35.2321109149313,129.085850954339,,,,,,,
커뮨33,"음식점 > 술집 > 호프,요리주점",,부산 금정구 부산대학로49번길 10,254,http://place.map.kakao.com/191910726,35.2308666235669,129.085682904935,,,,,,,
빨간코사람들 부산대본점,음식점 > 술집,010-8327-7435,부산 금정구 부산대학로50번길 8,246,http://place.map.kakao.com/1595891581,35.23162127693758,129.08613056142096,,,,,,,
부산청춘,"음식점 > 술집 > 호프,요리주점",051-583-0608,부산 금정구 금강로 272-1,172,http://place.map.kakao.com/758930206,35.232365747914415,129.08549613891435,,,,,,,
하이바 부산대점,음식점 > 술집,,부산 금정구 부산대학로50번길 20,244,http://place.map.kakao.com/99274225,35.2322261108235,129.086277847831,,,,,,,
온달집 부산대점,음식점 > 술집 > 실내포장마차,0507-1387-0760,부산 금정구 부산대학로50번길 13,225,http://place.map.kakao.com/1684860836,35.23196033402768,129.08601294097588,,,,,,,
더블린데이,음식점 > 술집,,부산 금정구 금강로 247-7,249,http://place.map.kakao.com/230831127,35.230234421978295,129.0843520854496,,,,,,,
레드보틀,음식점 > 술집 > 칵테일바,,부산 금정구 금정로91번길 3,275,http://place.map.kakao.com/14746706,35.2327649006394,129.086596977339,,,,,,,
테판야끼도리 하츠코이,음식점 > 술집 > 일본식주점,051-791-0039,부산 금정구 부산대학로38번길 14,353,http://place.map.kakao.com/1572936143,35.2318907777061,129.087433451359,,,,,,,
하나요이,음식점 > 술집 > 일본식주점,,부산 금정구 부산대학로49번길 18,281,http://place.map.kakao.com/1352242002,35.2304925737999,129.085634887995,,,,,,,
교작 부산대점,"음식점 > 술집 > 호프,요리주점",,부산 금정구 부산대학로50번길 23,229,http://place.map.kakao.com/835250926,35.2324740297807,129.086115059228,,,,,,,
버거킹 부산대점,음식점 > 패스트푸드 > 버거킹,070-7462-6769,부산 금정구 금정로 66,347,http://place.map.kakao.com/1324562101,35.23048103825084,129.0866175495212,,,,,,,
4242샌드위치 본점,음식점 > 패스트푸드 > 샌드위치,0507-2085-3863,부산 금정구 금강로321번길 30,528,http://place.map.kakao.com/825767971,35.2370443281801,129.08487893881508,,,,,,,
맘스터치 부산대점,음식점 > 패스트푸드 > 맘스터치,051-515-0516,부산 금정구 부산대학로63번길 34,251,http://place.map.kakao.com/21354099,35.2301540645315,129.083942570442,,,,,,,
롯데리아 부산대점,음식점 > 패스트푸드 > 롯데리아,051-515-5153,부산 금정구 부산대학로 39,344,http://place.map.kakao.com/1429662112,35.2310599554052,129.087013483436,,,,,,,
모어샌드위치 부산대점,음식점 > 패스트푸드 > 샌드위치,070-7657-8419,부산 금정구 금강로 255-6,177,http://place.map.kakao.com/251750117,35.2310536728219,129.084659700631,,,,,,,
맘스터치 NC백화점부산대점,음식점 > 패스트푸드 > 맘스터치,051-515-5838,부산 금정구 부산대학로63번길 2,54,http://place.map.kakao.com/1351900695,35.2321408807399,129.084112016842,,,,,,,
지미존스 부산대점,음식점 > 패스트푸드 > 샌드위치,051-518-0777,부산 금정구 부산대학로 29,435,http://place.map.kakao.com/1711755657,35.230584321045484,129.08783928261366,,,,,,,
노브랜드버거 부산대점,음식점 > 패스트푸드 > 노브랜드버거,051-512-7769,부산 금정구 부산대학로 26,453,http://place.map.kakao.com/1557539181,35.2312669643288,129.088386153419,,,,,,,
써브웨이 부산대역점,음식점 > 패스트푸드 > 샌드위치 > 써브웨이,051-517-3331,부산 금정구 금정로60번길 40,553,http://place.map.kakao.com/1116784321,35.22932768155554,129.0883869561955,,,,,,,
샌드픽 부산대점,음식점 > 패스트푸드 > 샌드위치,,부산 금정구 금강로 248-6,290,http://place.map.kakao.com/1717595341,35.2300926203326,129.08510296924,,,,,,,
샌더샌드위치,음식점 > 패스트푸드 > 샌드위치,,부산 금정구 금정로 126,545,http://place.map.kakao.com/1863532871,35.235878871115,129.087821234889,,,,,,,
덮밥장사장 부산대점,음식점 > 퓨전요리 > 퓨전일식,0507-1362-3627,부산 금정구 금강로 275,164,http://place.map.kakao.com/1992050396,35.2327593036446,129.085353550846,,,,,,,
촨촨향양꼬치,음식점 > 중식 > 양꼬치,010-6858-8905,부산 금정구 부산대학로50번길 39,257,http://place.map.kakao.com/2141199639,35.2331271253827,129.086285549779,,,,,,,
포맨티코,음식점 > 아시아음식 > 동남아음식 > 베트남음식,051-583-2682,부산 금정구 장전로12번길 16,586,http://place.map.kakao.com/1917999798,35.2284189874838,129.087832109376,,,,,,,
서울깍두기 본점,음식점 > 한식 > 설렁탕,051-582-9005,부산 금정구 장전온천천로 75,469,http://place.map.kakao.com/16239198,35.2316871906561,129.088682483147,,,,,,,
크리스피크림도넛 부산대점,음식점 > 간식 > 도넛 > 크리스피크림도넛,051-514-1937,부산 금정구 부산대학로 31,405,http://place.map.kakao.com/2103281318,35.2310438337109,129.08773903554,,,,,,,
소사베이커리,"음식점 > 간식 > 제과,베이커리",010-4530-2321,부산 금정구 금정로119번길 14,445,http://place.map.kakao.com/1493457719,35.2354950631064,129.086719642633,,,,,,,
탕화쿵푸마라탕 부산대점,음식점 > 중식 > 중국요리 > 탕화쿵푸마라탕,051-583-5233,부산 금정구 금강로 267,146,http://place.map.kakao.com/1140643670,35.231880976758035,129.08507516143462,,,,,,,
